shape,dT,dL_real,dL_init_abl,dL_final_abl,dL_whole,dL_wtd_beta,dL_wtd_beta_whole,delta_b,tau,tau_wtd,tau_req_init,tau_req_wtd,tau_req_whole,tau_flux_exp,tau_vol_exp,tau_flux_per_vol_exp,tau_len_3st,tau_93pct,tau_mean_h,tau_max_h,beta_init_abl,beta_final_abl,beta_init_whole,beta_wtd,beta_wtd_whole
hourglass,-1.0,2.475,3.054628713378733,3.1491879658280224,2.69642182360872,2.891610210371889,2.677046814669417,0.5965764453124992,56.48050860445818,58.28102492108571,45.76309329634132,48.343050627856144,51.842503859039724,44.19751316989449,69.25185369913157,15.354924353568945,51.67049138055226,61.333333333333336,63.90369751927027,77.11442736345185,90.65541051406286,93.46174432843056,80.02453007388416,85.81733993391472,79.44951767338743
hourglass,-0.75,1.875,2.3115630454968374,2.3564013640685424,2.040493175234651,2.201850837772982,2.0221338395926325,0.4514539062499991,56.48050860445818,57.667304641437525,45.81356923821094,48.09633414608162,51.89968529112124,43.71645862753643,68.17119064549063,16.694301675249363,51.92239923847207,62.333333333333336,63.90369751927027,77.11442736345185,90.65541051406286,92.4138899917466,80.02453007388416,86.35269194924324,79.30450943129992
hourglass,-0.5,1.25,1.543631497022091,1.5575766596909049,1.3626145914068402,1.4927754746840818,1.3517026226322095,0.30147499999999905,56.48050860445818,57.20672235579879,45.73671623815173,47.294879205135686,51.81262273338835,43.199407808697714,66.82523727250882,18.168671606956764,51.854681564254335,59.0,63.90369751927027,77.11442736345185,90.65541051406286,91.47439124156521,80.02453007388416,87.66870443099918,79.38368476158706
hourglass,-0.25,0.625,0.7755919429850581,0.7767888188754121,0.6846406674959793,0.7627591487778147,0.6818976857941705,0.15147499999999897,56.48050860445818,56.927333245293326,45.514033761006246,46.27976987801302,51.560357942064066,42.79645321177736,65.4621751432239,19.998499120145265,52.00161199941943,60.666666666666664,63.90369751927027,77.11442736345185,90.65541051406286,90.79530788684478,80.02453007388416,89.15544363402716,79.70391543308092
hourglass,0.25,-0.65,-0.7604871650890067,-0.7553800320134358,-0.6713071803257415,-0.7818346929374544,-0.679163929702765,-0.148525000000001,56.48050860445818,56.288809249365585,48.274753708172106,46.95664048235673,54.68782648069356,40.8829234465546,62.77041908111199,23.864237159693822,53.11061607867047,64.33333333333333,63.90369751927027,77.11442736345185,90.65541051406286,90.0466043871881,80.02453007388416,93.2001857442075,80.96110977276284
hourglass,0.5,-1.325,-1.5285267191260385,-1.4941051005855628,-1.3492811042366015,-1.6005659631055043,-1.379636786149455,-0.2985250000000009,56.48050860445818,56.31975518247686,48.96000375034088,46.7563821960233,55.464108750895385,40.33151641260406,62.02122499137214,26.76102354889199,53.74584465872956,64.66666666666667,63.90369751927027,77.11442736345185,90.65541051406286,88.61389830475748,80.02453007388416,94.92798694623362,81.82489559632495
hourglass,0.75,-2.025,-2.296566273163071,-2.198832541445163,-2.027255028147462,-2.4455066940506307,-2.099387776374834,-0.44852500000000084,56.48050860445818,56.0317378660128,49.80175458490094,46.76864316187387,56.41768220377468,39.42896400003267,61.57895124313336,29.90520686020007,54.41261663308096,66.66666666666667,63.90369751927027,77.11442736345185,90.65541051406286,86.7974371241832,80.02453007388416,96.53473355188765,82.87192184240187
hourglass,1.0,-2.75,-3.0646058272001038,-2.8643527563552116,-2.705228952058323,-3.3138834792376874,-2.8476058997377005,-0.5985250000000009,56.48050860445818,55.883275318769044,50.682341358126735,46.86990343365649,57.41525076614343,38.10598784346558,61.3788027838266,33.30209758630898,54.998580855633435,72.0,63.90369751927027,77.11442736345185,90.65541051406286,84.73163911644357,80.02453007388416,98.02939893269591,84.23624321658401
oval,-1.0,3.975,3.067411646761732,3.8789865506534325,2.7710862717988123,3.434137121424306,2.7933449179516407,0.5993128496093745,53.87198396864023,53.71314564770596,69.81167216386291,62.356606245976,77.2769647970354,75.2260945923026,72.31226597305162,60.78706356327075,54.665799423463135,54.0,59.70731123827139,69.06312709991676,95.0069777629972,120.1438970051359,85.82888836653976,106.36557029268714,86.51830568107225
oval,-0.75,3.35,2.3174455012007646,2.996773759127011,2.0935701345461406,2.558163255896267,2.139251689161458,0.45278398437499945,53.87198396864023,50.89488079342478,77.8750336098239,70.54715756665642,86.20257965901325,70.58722930134067,78.59441000934801,50.325714620753466,64.76586224542653,74.33333333333333,59.70731123827139,69.06312709991676,95.0069777629972,122.85700688391209,85.82888836653976,104.87554483638226,87.70166873667912
oval,-0.5,2.1,1.549827303999313,1.8239408890755981,1.4001072110114021,1.6419777722591036,1.4131953088206013,0.3028062499999993,53.87198396864023,52.007077955956774,72.99598222473608,68.89932875187084,80.80178820907678,63.99654122135367,77.45112690095266,43.69529513545047,63.093286658070014,72.0,59.70731123827139,69.06312709991676,95.0069777629972,111.8105940205474,85.82888836653976,100.65595392067341,86.6312104151382
oval,-0.25,1.0,0.7820951465557416,0.8474647893088708,0.7065413362921362,0.8068055226234123,0.709250497730614,0.15280624999999934,53.87198396864023,52.896179013436154,68.88162419353493,66.77195737762162,76.24746239385715,58.49883492201222,76.05383467483949,38.964941512472045,61.52126934941102,70.66666666666667,59.70731123827139,69.06312709991676,95.0069777629972,102.9479197606202,85.82888836653976,98.00873293295997,86.15799057574709
oval,0.25,-0.925,-0.7533691683314013,-0.7000547530591427,-0.6805904131463963,-0.7529501922863003,-0.6878240077620752,-0.14719375000000065,53.87198396864023,54.36693142751835,66.14497548573912,66.18178158595164,73.21817088286453,48.35139334337507,72.92900266793971,31.46844822854897,61.95243625520505,73.0,59.70731123827139,69.06312709991676,95.0069777629972,88.2835257302608,85.82888836653976,94.9541409208839,86.74111306551501
oval,0.5,-1.8,-1.5211013257749728,-1.3165662769049271,-1.3741562878656626,-1.520633074024151,-1.4022735663505093,-0.29719375000000064,53.87198396864023,55.11541779469237,63.74958032079041,63.76921086356191,70.5666247717466,44.16156433258355,71.13671325538925,29.02133222280086,60.45599833003883,73.66666666666667,59.70731123827139,69.06312709991676,95.0069777629972,82.23185456083337,85.82888836653976,94.9777310698782,87.58507489172396
oval,0.75,-2.6,-2.288833483218544,-1.8705166677904694,-2.067722162584929,-2.3049331206216497,-2.144188056585334,-0.44719375000000067,53.87198396864023,56.11795781813613,61.195870885942725,60.768426235589835,67.7398350962984,40.07368209811101,69.12252780574921,26.863038881008464,58.42601664984792,70.66666666666667,59.70731123827139,69.06312709991676,95.0069777629972,77.64310368799173,85.82888836653976,95.67525612573691,89.00290410171175
oval,1.0,-3.375,-3.056565640662116,-2.3312488332296444,-2.7612880373041953,-3.115884033003652,-2.9154807053441156,-0.5971937500000006,53.87198396864023,57.3991870981761,59.48439106800115,58.351961744510675,65.8453386382925,36.209014576533384,66.5773321019847,25.304554368246333,57.26473479829042,71.0,59.70731123827139,69.06312709991676,95.0069777629972,72.46201524750626,85.82888836653976,96.8507664607293,90.6216463524316
neutral,-1.0,3.05,3.0497802636835734,3.4427488518265115,2.7204730404712927,3.0788187428180276,2.712507806076127,0.5963749999999991,54.93902622953555,55.64980230956347,54.94298458004214,54.42477911080692,61.593710912516435,53.47118998690767,72.35397245516573,25.61542566288982,55.0777927053885,64.33333333333333,61.58927341246694,72.69936389640365,93.08252648304125,105.07634434867275,83.03172095756678,93.96881164766339,82.78861356049939
neutral,-0.75,2.3,2.3037055533359903,2.5272494866235435,2.054957508140267,2.30484379800076,2.0428168305564873,0.450482421874999,54.93902622953555,55.343185535780385,54.85065578148671,54.82356784331209,61.490205917828014,52.00714304323399,71.74036924940549,25.940922711603527,55.70691791106419,65.66666666666667,61.58927341246694,72.69936389640365,93.08252648304125,102.11494560458647,83.03172095756678,93.12851790282109,82.54117000973503
neutral,-0.5,1.525,1.536715940870949,1.6339492212701285,1.3707854096191527,1.5362076985935789,1.362205064361728,0.30049999999999905,54.93902622953555,55.1867613443318,54.52017043081979,54.538208001916274,61.11971604900507,50.40660347071605,70.86207080018447,26.32360755118504,55.88984247503723,65.66666666666667,61.58927341246694,72.69936389640365,93.08252648304125,98.97217671511994,83.03172095756678,93.05174104379067,82.51198911030995
neutral,-0.25,0.75,0.7696364362764634,0.7902764545397366,0.6865331252834674,0.7683119944416139,0.6836008300238299,0.15049999999999916,54.93902622953555,55.26447132633267,53.53731675114008,53.629606162920425,60.017890112933074,48.7907890508106,69.65737657175303,26.97152920098874,55.712277379598895,65.66666666666667,61.58927341246694,72.69936389640365,93.08252648304125,95.5788025895839,83.03172095756678,92.92234384828441,82.67707889763282
neutral,0.25,-0.775,-0.7645225729125086,-0.7351817173637468,-0.6819714433879037,-0.7729246622096531,-0.6885467288193425,-0.1495000000000008,54.93902622953555,55.19781787739589,55.69194008973051,55.08654000788111,62.43332582427786,44.377786999542025,67.26654381509748,27.592428268158873,56.671208233064924,72.0,61.58927341246694,72.69936389640365,93.08252648304125,89.51020427776183,83.03172095756678,94.10550177144236,83.8322783276047
neutral,0.5,-1.55,-1.5316020775069945,-1.4097282883881652,-1.3662237277235894,-1.560734259912099,-1.3935402160412136,-0.29950000000000077,54.93902622953555,55.575972765323485,55.59896523148404,54.56117216301517,62.329096565806786,42.37647178913247,66.30689117573601,28.383946435637757,56.861110943188116,71.33333333333333,61.58927341246694,72.69936389640365,93.08252648304125,85.67569387955766,83.03172095756678,94.85302365071668,84.691870016249
neutral,0.75,-2.325,-2.298681582101481,-2.021089188429258,-2.0504760120592755,-2.3701607716774733,-2.119492101127082,-0.44950000000000084,54.93902622953555,55.85879225337695,55.568042558941535,53.892224320828404,62.29443077238869,40.016817680026655,65.37854465187134,29.074190499080647,56.96356532902072,72.33333333333333,61.58927341246694,72.69936389640365,93.08252648304125,81.84173457141719,83.03172095756678,95.9769959078195,85.82644989629044
neutral,1.0,-3.075,-3.065761086695967,-2.595503483141003,-2.7347282963949606,-3.20814184469195,-2.8795856797360475,-0.5995000000000008,54.93902622953555,56.322038860338886,55.10458932659009,52.65898885840673,61.7748775549376,37.33998042543657,64.24835027375161,29.80685513201697,56.29322516490063,71.33333333333333,61.58927341246694,72.69936389640365,93.08252648304125,78.80458224703712,83.03172095756678,97.40548587291327,87.42987555598737
