shape,dT,delta_b,dL_real,dL_init_abl,dL_wtd_beta,dL_wtd_beta_whole,tau,tau_req_init,tau_req_wtd,tau_vol_exp,tau_len_3st,tau_93pct,tau_mean_h,tau_max_h,beta_init_abl,beta_final_abl,beta_init_whole,beta_wtd,beta_wtd_whole,beta_req_tau_feq,dL_req_req,test_dL,beta_init_diff,test_diff,beta_wtd_diff,dL_req_req_diff,beta*tau,what b would be for the diagnosed beta*tau,
hourglass,-1,0.596576445,2.475,3.054628713,2.89161021,2.677046815,56.4805086,45.7630933,48.34305063,69.2518537,51.67049138,61.33333333,63.90369752,77.11442736,90.65541051,93.46174433,80.02453007,85.81733993,79.44951767,80.29093392,2315.616653,2645.353665,579.6287134,170.3536652,416.6102104,159.3833471,4434.224123,0.558158526,0.038417919
hourglass,-0.75,0.451453906,1.875,2.311563045,2.201850838,2.02213384,56.4805086,45.81356924,48.09633415,68.17119065,51.92239924,62.33333333,63.90369752,77.11442736,90.65541051,92.41388999,80.02453007,86.35269195,79.30450943,79.98952258,1736.834735,2024.156317,436.5630455,149.1563167,326.8508378,138.165265,4483.638947,0.418187107,0.033266799
hourglass,-0.5,0.301475,1.25,1.543631497,1.492775475,1.351702623,56.4805086,45.73671624,47.29487921,66.82523727,51.85468156,59,63.90369752,77.11442736,90.65541051,91.47439124,80.02453007,87.66870443,79.38368476,79.95962295,1140.082192,1370.515224,293.631497,120.5152237,242.7754747,109.9178083,4546.032751,0.274965023,0.026509977
hourglass,-0.25,0.151475,0.625,0.775591943,0.762759149,0.681897686,56.4805086,45.51403376,46.27976988,65.46217514,52.001612,60.66666667,63.90369752,77.11442736,90.65541051,90.79530789,80.02453007,89.15544363,79.70391543,79.34549057,556.229991,702.2724526,150.591943,77.27245264,137.7591488,68.77000901,4636.226787,0.134807901,0.016667099
hourglass,0.25,-0.148525,-0.65,-0.760487165,-0.781834693,-0.67916393,56.4805086,48.27475371,46.95664048,62.77041908,53.11061608,64.33333333,63.90369752,77.11442736,90.65541051,90.04660439,80.02453007,93.20018574,80.96110977,82.40099509,-574.6839063,-735.1867616,-110.4871651,-85.18676159,-131.8346929,-75.31609371,4949.919284,-0.131315273,-0.017209727
hourglass,0.5,-0.298525,-1.325,-1.528526719,-1.600565963,-1.379636786,56.4805086,48.96000375,46.7563822,62.02122499,53.74584466,64.66666667,63.90369752,77.11442736,90.65541051,88.6138983,80.02453007,94.92798695,81.8248956,82.58292835,-1152.688302,-1523.070024,-203.5267191,-198.0700244,-275.5659631,-172.3116982,5101.98484,-0.259702849,-0.038822151
hourglass,0.75,-0.448525,-2.025,-2.296566273,-2.445506694,-2.099387776,56.4805086,49.80175458,46.76864316,61.57895124,54.41261663,66.66666667,63.90369752,77.11442736,90.65541051,86.79743712,80.02453007,96.53473355,82.87192184,82.97337613,-1740.524685,-2355.970608,-271.5662732,-330.9706084,-420.5066941,-284.4753154,5252.707449,-0.385515474,-0.063009526
hourglass,1,-0.598525,-2.75,-3.064605827,-3.313883479,-2.8476059,56.4805086,50.68234136,46.86990343,61.37880278,54.99858086,72,63.90369752,77.11442736,90.65541051,84.73163912,80.02453007,98.02939893,84.23624322,83.54085488,-2343.555642,-3226.934264,-314.6058272,-476.9342643,-563.8834792,-406.4443584,5391.477823,-0.510064233,-0.088460767
,,,,,,,,,,,,,,,,,,,,,,0,2360.601183,1608.459317,2515.786501,1414.783895,0,,0
,,,,,,,,,,,,,,,,,,,,,,0,,,,,0,,0
oval,-1,0.59931285,3.975,3.067411647,3.434137121,2.793344918,53.87198397,69.81167216,62.35660625,72.31226597,54.66579942,54,59.70731124,69.0631271,95.00697776,120.143897,85.82888837,106.3655703,86.51830568,121.3299001,4534.233697,3484.739882,-907.5883532,-490.2601177,-540.8628786,-559.2336972,5814.558931,0.68362881,-0.08431596
oval,-0.75,0.452783984,3.35,2.317445501,2.558163256,2.139251689,53.87198397,77.87503361,70.54715757,78.59441001,64.76586225,74.33333333,59.70731124,69.0631271,95.00697776,122.8570069,85.82888837,104.8755448,87.70166874,114.2372128,3649.036231,3075.469601,-1032.554499,-274.5303992,-791.8367441,-299.0362307,6792.35509,0.493201541,-0.040417557
oval,-0.5,0.30280625,2.1,1.549827304,1.641977772,1.413195309,53.87198397,72.99598222,68.89932875,77.4511269,63.09328666,72,59.70731124,69.0631271,95.00697776,111.810594,85.82888837,100.6559539,86.63121042,109.9186304,2293.248585,1923.03618,-550.172696,-176.9638198,-458.0222277,-193.2485854,6350.714955,0.330671431,-0.027865181
oval,-0.25,0.15280625,1,0.782095147,0.806805523,0.709250498,53.87198397,68.88162419,66.77195738,76.05383467,61.52126935,70.66666667,59.70731124,69.0631271,95.00697776,102.9479198,85.82888837,98.00873293,86.15799058,106.3735356,1085.347524,921.3638744,-217.9048534,-78.63612562,-193.1944774,-85.34752426,6029.621657,0.165847885,-0.013041635
oval,0.25,-0.14719375,-0.925,-0.753369168,-0.752950192,-0.687824008,53.87198397,66.14497549,66.18178159,72.92900267,61.95243626,73,59.70731124,69.0631271,95.00697776,88.28352573,85.82888837,94.95414092,86.74111307,101.4364341,-988.1475478,-865.8878949,171.6308317,59.11210513,172.0498077,63.14754782,5882.640363,-0.157242317,0.010048567
oval,0.5,-0.29719375,-1.8,-1.521101326,-1.520633074,-1.402273566,53.87198397,63.74958032,63.76921086,71.13671326,60.45599833,73.66666667,59.70731124,69.0631271,95.00697776,82.23185456,85.82888837,94.97773107,87.58507489,100.1828624,-1898.646664,-1706.478652,278.8986742,93.52134799,279.366926,98.6466641,5741.973551,-0.313481068,0.016287318
oval,0.75,-0.44719375,-2.6,-2.288833483,-2.304933121,-2.144188057,53.87198397,61.19587089,60.76842624,69.12252781,58.42601665,70.66666667,59.70731124,69.0631271,95.00697776,77.64310369,85.82888837,95.67525613,89.0029041,99.51105822,-2704.238921,-2499.779124,311.1665168,100.2208762,295.0668794,104.2389208,5589.924107,-0.465122594,0.017928844
oval,1,-0.59719375,-3.375,-3.056565641,-3.115884033,-2.915480705,53.87198397,59.48439107,58.35196174,66.5773321,57.2647348,71,59.70731124,69.0631271,95.00697776,72.46201525,85.82888837,96.85076646,90.62164635,98.6895729,-3439.077673,-3312.116237,318.4343593,62.88376318,259.115967,64.07767287,5546.133456,-0.608532057,0.011338307
,,,,,,,,,,,,,,,,,,,,,0,0,3788.350783,1336.128555,2989.515908,1466.976843,0,,0
,,,,,,,,,,,,,,,,,,,,,0,0,,,,,0,,0
neutral,-1,0.596375,3.05,3.049780264,3.078818743,2.712507806,54.93902623,54.94298458,54.42477911,72.35397246,55.07779271,64.33333333,61.58927341,72.6993639,93.08252648,105.0763443,83.03172096,93.96881165,82.78861356,92.85469816,3013.838575,3086.595306,-0.219736316,36.59530633,28.81874282,36.16142488,5175.594729,0.589304256,0.007070744
neutral,-0.75,0.450482422,2.3,2.303705553,2.304843798,2.042816831,54.93902623,54.85065578,54.82356784,71.74036925,55.70691791,65.66666667,61.58927341,72.6993639,93.08252648,102.1149456,83.03172096,93.1285179,82.54117001,91.65176985,2263.528674,2337.058974,3.705553336,37.05897364,4.843798001,36.47132586,5187.902702,0.443339078,0.007143344
neutral,-0.5,0.3005,1.525,1.536715941,1.536207699,1.362205064,54.93902623,54.52017043,54.538208,70.8620708,55.88984248,65.66666667,61.58927341,72.6993639,93.08252648,98.97217672,83.03172096,93.05174104,82.51198911,90.80138686,1488.119549,1562.794468,11.71594087,37.79446826,11.20769859,36.88045055,5200.647149,0.293232737,0.007267263
neutral,-0.25,0.1505,0.75,0.769636436,0.768311994,0.68360083,54.93902623,53.53731675,53.62960616,69.65737657,55.71227738,65.66666667,61.58927341,72.6993639,93.08252648,95.57880259,83.03172096,92.92234385,82.6770789,89.44866264,721.9630307,779.125767,19.63643628,29.12576698,18.31199444,28.03696934,5176.915395,0.144873915,0.005626085
neutral,0.25,-0.1495,-0.775,-0.764522573,-0.772924662,-0.688546729,54.93902623,55.69194009,55.08654001,67.26654382,56.67120823,72,61.58927341,72.6993639,93.08252648,89.51020428,83.03172096,94.10550177,83.83227833,91.4740774,-753.3290684,-797.2943368,10.47742709,-22.29433677,2.07533779,-21.67093155,5333.072487,-0.145319607,-0.004180393
neutral,0.5,-0.2995,-1.55,-1.531602078,-1.56073426,-1.393540216,54.93902623,55.59896523,54.56117216,66.30689118,56.86111094,71.33333333,61.58927341,72.6993639,93.08252648,85.67569388,83.03172096,94.85302365,84.69187002,91.01637424,-1487.305039,-1615.337766,18.39792249,-65.33776618,-10.73425991,-62.69496058,5393.448301,-0.287385716,-0.012114284
neutral,0.75,-0.4495,-2.325,-2.298681582,-2.370160772,-2.119492101,54.93902623,55.56804256,53.89222432,65.37854465,56.96356533,72.33333333,61.58927341,72.6993639,93.08252648,81.84173457,83.03172096,95.97699591,85.8264499,90.80214279,-2199.641487,-2457.502748,26.3184179,-132.5027485,-45.16077168,-125.358513,5467.191876,-0.425264021,-0.024235979
neutral,1,-0.5995,-3.075,-3.065761087,-3.208141845,-2.87958568,54.93902623,55.10458933,52.65898886,64.24835027,56.29322516,71.33333333,61.58927341,72.6993639,93.08252648,78.80458225,83.03172096,97.40548587,87.42987556,91.11708168,-2876.480967,-3287.219735,9.238913304,-212.2197346,-133.1418447,-198.5190333,5483.268949,-0.560796858,-0.038703142
,,,,,,,,,,,,,,,,,,,,,,,99.71034758,572.9291013,254.2944479,545.7936091,0,,
,,,,,,,,,,,,,,,,,,,,,,,,,,,,,
,,,,,,,,,,,,,,,,,,,,,,,6248.662315,3517.516973,5759.596857,3427.554347,,,